COMPANY,2011,2012,2013,2014,2015,2016,2017,2018
1804,,,,,,,23298.0,68906.0
31 GROUP,,,,,,,48070.0,47999.0
ABRAXAS PETROLEUM,,,,66927.0,100297.0,34091.0,19235.0,37957.0
ACADIAN GAS PIPELINE SYSTEM,,120684.0,119466.0,107052.0,,,,
ACCESS MIDSTREAM PARTNERS,192493.0,675070.0,453677.0,574389.0,,,,
AETHON ENERGY,,,,,53019.0,505788.0,443414.0,443220.0
AGAVE ENERGY HOLDINGS,,,,,55113.0,83899.0,,
AGL RESOURCES,117621.0,99742.0,110457.0,108121.0,44745.0,61882.0,,
AIRCRAFT SERVICES CORPORATION (GE ENTITY),105075.0,,,,,,,
AKA ENERGY GROUP,243101.0,311730.0,225818.0,239921.0,221770.0,385442.0,254121.0,271445.0
AKIN BEENE RESOURCES,,,,,,49237.0,50124.0,
ALGONQUIN GAS TRANSMISSION,263868.0,273541.0,293837.0,366170.0,,,,
ALL AMERICAN OIL AND GAS,,,167194.0,166695.0,166043.0,172127.0,210291.0,
ALLIANCE PETROLEUM,,,,,,,56721.0,
ALPHA NATURAL RESOURCES,79665.0,78410.0,,,,,,
ALTA MESA SERVICES,176289.0,96266.0,154369.0,215001.0,286282.0,102351.0,93525.0,662323.0
AMERICAN EAGLE ENERGY,,,47357.0,40904.0,18656.0,,,
AMERICAN ENERGY PARTNERS,,,,368545.0,403222.0,,,
AMERICAN MIDSTREAM PARTNERS,,37448.0,42180.0,161310.0,149412.0,148555.0,265973.0,200585.0
AMPLIFY ENERGY,,,,,,,,50260.0
ANADARKO PETROLEUM,4978620.0,4753681.0,4934024.0,4966137.0,4347876.0,7532956.0,5644206.0,5753435.0
ANDEAVOR,,,,,,,685870.0,727512.0
ANDERSON ENERGY,,,6994.0,12044.0,12998.0,,,
ANKOR ENERGY,,37560.0,44731.0,28452.0,42373.0,37850.0,46715.0,35854.0
ANR PIPELINE,,1227978.0,1257781.0,1025194.0,884062.0,705728.0,791197.0,735764.0
ANSCHUTZ EXPLORATION,,,,,,,,50687.0
ANTERO RESOURCES,332787.0,679646.0,526084.0,526429.0,421069.0,848709.0,1266082.0,1445896.0
APACHE,2428865.0,2086446.0,1557766.0,1552677.0,1039649.0,1331347.0,1489495.0,1964938.0
APPROACH RESOURCES,120972.0,152705.0,159050.0,173217.0,143510.0,122040.0,139462.0,138463.0
ARD OPERATING,,,,,,,175718.0,194326.0
ARENA ENERGY,5418.0,4934.0,4521.0,4649.0,27158.0,114074.0,123053.0,320971.0
ARIEL EXPLORATION,1567.0,1589.0,1429.0,1423.0,1403.0,1437.0,2716.0,695.0
ARP RANGELY PRODUCTION,,,,5022.0,4126.0,3893.0,,
ARROWHEAD PIPELINE,79509.0,85397.0,20020.0,64670.0,,,,
ARSENAL RESOURCES,,,,,,,32114.0,64571.0
ARUBA PETROLEUM,269168.0,110269.0,70720.0,80047.0,77950.0,80140.0,,
ASCENT RESOURCES,,,,,182763.0,73451.0,120953.0,259466.0
ASRCEX,,25494.0,25193.0,26743.0,13821.0,56805.0,56878.0,62638.0
ATLAS ENERGY GROUP,638611.0,1094985.0,1590579.0,773763.0,529193.0,597715.0,141589.0,81068.0
ATMOS ENERGY,38920.0,73395.0,57194.0,53240.0,46010.0,41773.0,47773.0,53779.0
ATP OIL & GAS,83491.0,176190.0,,,,,,
AUGUSTUS ENERGY RESOURCES,71126.0,62883.0,53350.0,51358.0,45412.0,39576.0,35724.0,
AUSTRALIS TMS,,,,,,,,46300.0
AUX SABLE,255818.0,248505.0,285988.0,251276.0,274003.0,330740.0,336429.0,326988.0
AXIA ENERGY II,,,,,,,,27892.0
AZURE MIDSTREAM ENERGY,,,313106.0,230648.0,143390.0,169667.0,237304.0,248185.0
BADLANDS ENERGY,,,,,80234.0,126958.0,,
BALLARD PETROLEUM HOLDINGS,,,,,,,,49170.0
BAYSWATER EXPLORATION & PRODUCTION,,,44202.0,34430.0,51063.0,37043.0,50725.0,27089.0
BAYTEX ENERGY USA,40620.0,153374.0,234145.0,,,,,
BBX OPERATING,,,,98494.0,83982.0,,,
BC OPERATING,,,,,,304880.0,,
BCE-MACH,,,,,,,,622761.0
BEACON WEST ENERGY GROUP,,,,,,,,13560.0
BENEDUM GAS PARTNERS,,,,,,314292.0,,
BENNU OIL & GAS,,,67077.0,37887.0,36528.0,,,
BEPCO,,,,,,,1454.0,1417.0
BERKSHIRE HATHAWAY,413.0,95.0,701.0,288.0,231.0,580.0,70.0,
BERRY PETROLEUM,988729.0,1141904.0,1540782.0,62688.0,66873.0,,1624736.0,1512951.0
BHP BILLITON,1210422.0,1756491.0,2355406.0,2155058.0,2494977.0,2198391.0,1859671.0,1249233.0
BILL BARRETT,897008.0,982411.0,552871.0,300471.0,305689.0,224133.0,278360.0,
BKV OPERATING,,,,,,,39078.0,52583.0
BLACK BEAR MIDSTREAM HOLDINGS,,,,,,,95093.0,86382.0
BLACK ELK ENERGY OFFSHORE OPERATIONS,2971.0,223.0,,0.0,,,,
BLACK HILLS,28434.0,25016.0,23014.0,21292.0,16210.0,6674.0,77485.0,66195.0
BLACKBEARD OPERATING,,,,,,126178.0,137410.0,152648.0
BLACKBRUSH O & G,,,,148446.0,189680.0,120115.0,86162.0,121892.0
BLUE RACER MIDSTREAM,,,,203080.0,92950.0,192028.0,402961.0,227164.0
BLUECREST ENERGY,,,,,,,45815.0,39799.0
BLUEFIN RESOURCES,,,,,,,,30878.0
BLUESTONE NATURAL RESOURCES,,44427.0,121884.0,152253.0,142812.0,208553.0,466796.0,486021.0
BOC 220 GULF COAST BASIN ONSHORE,19292.0,16193.0,12720.0,46182.0,41725.0,16689.0,25382.0,23336.0
BONANZA CREEK ENERGY,91709.0,248172.0,213436.0,297624.0,404499.0,292703.0,270891.0,199923.0
BOPCO,458509.0,2064516.0,1546246.0,681423.0,299246.0,25869.0,,
BP AMERICA,5842378.0,5410240.0,5843165.0,5026566.0,5253293.0,9180476.0,8604676.0,8537390.0
BRAVO NATURAL GAS,155072.0,151516.0,136065.0,,,,,
BRAVO NATURAL RESOURCES,,,,,182938.0,,,
BRAZOS MIDSTREAM,,,,,,,128046.0,
BREITBURN ENERGY CO,565149.0,484997.0,451020.0,762501.0,730985.0,787547.0,947248.0,89980.0
BRIDGE ENERGY,,,,,,,27278.0,26581.0
BROOKFIELD INFRASTRUCTURE PTNR,,,,,622422.0,664413.0,606000.0,657612.0
BRUIN E&P OPERATING,,,,,,,751378.0,
BRUIN E&P PARTNERS,,,,,,,,804509.0
BTA,,6552.0,,,,,,
BURNETT OIL CO,58041.0,58259.0,179521.0,23395.0,63265.0,19422.0,16409.0,26684.0
CABOT,1078783.0,1249440.0,530533.0,398368.0,544077.0,465657.0,406924.0,581943.0
CAELUS ENERGY,,,,51615.0,35996.0,28921.0,21952.0,20106.0
CAERUS OIL AND GAS,40520.0,34196.0,64971.0,84742.0,73478.0,81460.0,325054.0,658300.0
CAISSE DE DEPOT ET PLACEMENT DU QUEBEC,,,,,,98846.0,92014.0,218715.0
CALIFORNIA RESOURCES,,,,891460.0,950150.0,2432552.0,2191715.0,1959106.0
CALLON PETROLEUM,,,,,,42356.0,90667.0,429432.0
CAMBRIAN MANAGEMENT,8291.0,4258.0,6361.0,,,,,
CANTIUM,,,,,,,64906.0,166815.0
CAPROCK PERMIAN PROCESSING,,,,,,71005.0,206157.0,370697.0
CARBON NATURAL GAS,,,,,,,,235311.0
CARDINAL MIDSTREAM,148482.0,,,,,,,
CARRERA GAS GATHERING,26447.0,18338.0,24749.0,24007.0,22923.0,23133.0,24521.0,23846.0
CARRIZO OIL & GAS,103518.0,208732.0,469560.0,433945.0,523396.0,512643.0,532781.0,895052.0
CASTLETON COMMODITIES INTERNATIONAL,,38916.0,97967.0,171493.0,265051.0,414114.0,323231.0,263242.0
CATAMOUNT ENERGY PARTNERS,,,,,,,28690.0,43062.0
CATARINA MIDSTREAM,,,,,,,,115874.0
CEDAR BAYOU FRACTIONATORS,426180.0,500639.0,486091.0,606146.0,,,,
CELERO ENERGY II,7206.0,5165.0,3296.0,,,,,
CENTENNIAL RESOURCE PRODUCTION,,,,43299.0,25156.0,42319.0,193405.0,386030.0
CENTERPOINT ENERGY RESOURCES,2076453.0,2156012.0,1925277.0,,,,,
CGAS PROPERTIES,,,,,24563.0,,,
CHAPARRAL ENERGY,747118.0,403428.0,284037.0,301207.0,367720.0,332270.0,137815.0,259149.0
CHENIERE ENERGY,62314.0,62003.0,59473.0,173624.0,181518.0,1302963.0,3505691.0,4555262.0
CHESAPEAKE ENERGY,5033750.0,4439068.0,5279464.0,5201344.0,4579780.0,3967745.0,3215242.0,2348445.0
CHEVRON,4180645.0,3415817.0,3062550.0,3206442.0,3142854.0,4512366.0,4014072.0,4111806.0
CHIEF OIL & GAS,21438.0,43381.0,74162.0,116112.0,55198.0,60734.0,128286.0,138139.0
CHISHOLM ENERGY OPERATING,,,,,,,,66846.0
CHROMA OPERATING,1040.0,1043.0,979.0,,,,,
CIMAREX ENERGY,856288.0,1125322.0,1404040.0,1645702.0,1767404.0,1964743.0,1939256.0,2118682.0
CITATION OIL & GAS,,,,,,,,47906.0
CLASSIC HYDROCARBONS,50218.0,,,0.0,,,,
CLAYTON WILLIAMS ENERGY,105240.0,114322.0,117845.0,124119.0,106767.0,81694.0,99291.0,
CMO,,,57851.0,41548.0,45182.0,644.0,438.0,
CMS ENERGY,32248.0,34234.0,55134.0,95291.0,70311.0,69325.0,61529.0,71873.0
CNX RESOURCES,585841.0,446103.0,1243059.0,571083.0,,,,262162.0
COG OPERATING,242593.0,289382.0,286073.0,375722.0,,,,
COGENT MIDSTREAM WESTEX,,,,,,,,228194.0
COLEMAN OIL AND GAS,12286.0,,,,,,,
COLUMBIA PIPELINE GROUP,,,,,710148.0,50064.0,,
COMPASS PRODUCTION PARTNERS,,,,298361.0,202290.0,238521.0,202936.0,122282.0
COMSTOCK RESOURCES,277321.0,256365.0,337844.0,596221.0,351507.0,202055.0,203515.0,135769.0
CONCHO RESOURCES,,,,,1939560.0,2443823.0,1231787.0,1403345.0
CONFLUENCE DJ,,,,,,,,21401.0
CONOCOPHILLIPS,13725695.0,11477010.0,12938759.0,10403863.0,8794702.0,9418947.0,6482284.0,6449133.0
CONSOL ENERGY,,,,15694.0,656749.0,613531.0,1135396.0,216589.0
CONTINENTAL RESOURCES,2192998.0,886860.0,937394.0,1356965.0,1638490.0,1655512.0,1722279.0,2425518.0
CONTURA ENERGY,,,,,,,511633.0,496297.0
COOK INLET ENERGY,29070.0,36032.0,51906.0,55685.0,44903.0,6231.0,41511.0,36815.0
COPANO ENERGY,747083.0,763005.0,,,,,,
COPREX,173591.0,152862.0,112976.0,86504.0,,,,
CORDILLERA ENERGY PARTNERS III,167059.0,,,0.0,,,,
CORE APPALACHIA OPERATING,,,,,,,215588.0,
CORONADO MIDSTREAM,,,437469.0,,83756.0,75048.0,82566.0,56854.0
CORTERRA ENERGY,,,,,,,11608.0,
COSTAR MIDSTREAM,,73376.0,77368.0,,,,,
COSTARMIDSTREAM,,7879.0,7083.0,,,,,
COVEY PARK ENERGY,,,,,111254.0,52494.0,443667.0,634261.0
COX OIL,,,,,,185953.0,189849.0,181872.0
CRESCENT POINT ENERGY US,,110949.0,156850.0,164823.0,185038.0,189139.0,388045.0,570604.0
CRESTONE PEAK RESOURCES,,,,,,273446.0,236120.0,245946.0
CRESTWOOD MIDSTREAM PARTNERS,593852.0,371014.0,492415.0,504200.0,402752.0,896366.0,949332.0,1037173.0
CRIMSON RESOURCE MANAGEMENT,,,,,,40113.0,41895.0,54730.0
CROSS TIMBERS ENERGY,,,64763.0,72487.0,69090.0,68938.0,51607.0,52531.0
CROSSTEX ENERGY SERVICES,831698.0,885175.0,624973.0,1527007.0,,,,
CROWHEART ENERGY,,,,,,,,198175.0
CROWN ENERGY PARTNERS,29547.0,27593.0,,,,,,
DABB ENERGY,2240.0,2587.0,2449.0,2177.0,1426.0,898.0,677.0,408.0
DART OIL & GAS,,,,,,119328.0,,
DAVIS GAS PROCESSING,,,,,,184735.0,139402.0,165133.0
DCP MIDSTREAM,1354784.0,1640147.0,1992208.0,2249943.0,2400336.0,2273631.0,7298924.0,9748064.0
DE3 OPERATING,,,,,,,,71308.0
DENBURY RESOURCES,1479987.0,197116.0,304298.0,408189.0,337168.0,231900.0,545327.0,714589.0
DESTIN PIPELINE COMPANY,,35717.0,33528.0,27230.0,,,,
DEVON ENERGY,3482375.0,3719335.0,3586185.0,2948005.0,4516971.0,2643497.0,2828147.0,3787465.0
DGP TAURUS FIELD SERVICES,,,,,,,31042.0,30487.0
"DGP TAURUS FIELD, SERVICES",,,,,,29439.0,,
DIAMONDBACK ENERGY,,,355523.0,1134747.0,161757.0,174413.0,390288.0,928586.0
DISCOVERY NATURAL RESOURCES,,,,120504.0,99105.0,98971.0,124132.0,139820.0
DIVERSIFIED GAS & OIL,,,,,,,,1302604.0
DIVERSIFIED OIL & GAS,,,,,,,656330.0,
DIVIDE CREEK GATHERING SYSTEM,,,,,,33541.0,28650.0,32336.0
DJ RESOURCES,,,33000.0,1829.0,1893.0,549.0,,125715.0
DOMINION ENERGY,421532.0,565465.0,573065.0,667001.0,769986.0,1060895.0,1919233.0,2590889.0
DOW CHEMICAL,82716.0,82124.0,84084.0,78350.0,97646.0,83362.0,76089.0,77070.0
DTE ENERGY,199849.0,75538.0,98300.0,174223.0,155158.0,243509.0,268116.0,694503.0
DUGAN PRODUCTION,189557.0,106216.0,159986.0,106560.0,199996.0,111979.0,86189.0,133155.0
DUNCAN OIL PROPERTIES,53328.0,68658.0,54590.0,35029.0,68184.0,74026.0,63124.0,73315.0
DURANGO MIDSTREAM,,,,,,,100754.0,130174.0
DYNAMIC OFFSHORE RESOURCES,287525.0,200386.0,,,,,,
E&B NATURAL RESOURCES,,,56472.0,,,,,
EAGLE PETROLEUM,,,,,28786.0,26920.0,29745.0,31351.0
EAGLE ROCK ENERGY PARTNERS,271353.0,247298.0,322842.0,339623.0,46516.0,44845.0,42622.0,43158.0
EAGLECLAW MIDSTREAM SERVICES,,,,,,181321.0,368496.0,736054.0
EAGLECLAW MISTREAM SERVICES,,,,,,38995.0,,
EAGLERIDGE OPERATING,,,,170638.0,27745.0,9005.0,86028.0,113423.0
EARTHSTONE OPERATING,,,,,21191.0,18412.0,16855.0,22763.0
EAST TENNESSEE NATURAL GAS,30461.0,23078.0,25403.0,13884.0,,,,
ECLIPSE RESOURCES,,,,,,,,88100.0
ECOELECTRICA,0.0,47.0,26.0,90.0,817.0,11297.0,14507.0,1301227.0
EDF TRADING RESOURCES,,,47887.0,41889.0,,,,
EDGEMARC ENERGY HOLDINGS,,,,,,,,82837.0
EFS MIDSTREAM,,324084.0,458773.0,484484.0,,,,
EGAN HUB STORAGE,51756.0,37060.0,45322.0,55863.0,,,,
"ELEANOR WHITCOMB, ROBERT KEADY, & LINDA K BOYD TRUSTEES",,,,,1347.0,1333.0,1216.0,1051.0
"ELEANOR WHITCOMB, ROBERT KEADY, & LINDA K. BOYD TRUSTEES",1972.0,2302.0,2437.0,2117.0,,,,
ELK PETROLEUM,,,,,,,,124545.0
ELK PETROLEUM MADDEN GAS & CO2,,,,,,,100024.0,
ELM RIDGE EXPLORATION COMPANY,,113064.0,106522.0,107905.0,,,,
ENABLE MIDSTREAM PARTNERS,,,178223.0,1984867.0,1426271.0,3455722.0,4287280.0,4509226.0
ENBRIDGE,1111918.0,1314109.0,1185442.0,1024906.0,1014634.0,2160924.0,3736070.0,2757585.0
ENCANA OIL & GAS (USA),1350629.0,1497257.0,1480743.0,1527844.0,1302966.0,1057663.0,1274788.0,1337949.0
ENCINO ENERGY,,,,,810019.0,11022.0,10935.0,11858.0
ENDEAVOR ENERGY RESOURCES,288166.0,312226.0,329778.0,339254.0,280746.0,267075.0,262920.0,632775.0
ENDURING RESOURCES,,,,,,,153085.0,241004.0
ENEERVEST OPERATING,,,123788.0,183632.0,124468.0,171146.0,753883.0,645347.0
ENERGEN,543344.0,497699.0,457752.0,439904.0,263343.0,475819.0,382736.0,
ENERGY CORP OF AMERICA,43878.0,39745.0,35617.0,40924.0,44151.0,95279.0,77685.0,82838.0
ENERGY RESOURCE TECHNOLOGY,91877.0,31026.0,25977.0,49025.0,,,,
ENERGY TRANSFER PARTNERS,1932428.0,4347338.0,4124251.0,4358246.0,5399094.0,16982839.0,11793393.0,13645082.0
ENERGY XXI,241513.0,232586.0,244785.0,316572.0,426291.0,456887.0,282881.0,283064.0
ENERPLUS RESOURCES,219771.0,168039.0,197165.0,509958.0,386400.0,325756.0,542803.0,641677.0
ENERVEST OPERATING,3684014.0,1814306.0,1926554.0,2015313.0,1794508.0,2162453.0,2225121.0,1785479.0
"ENERVEST OPERATING, LLC",,394282.0,,,,,,
ENGIE NORTH AMERICA,,,,,,58876.0,54198.0,
ENI PETROLEUM,442874.0,360074.0,331504.0,330708.0,343867.0,364535.0,371031.0,351951.0
ENLINK MIDSTREAM,,,,378634.0,1586867.0,1696846.0,4071375.0,3669006.0
ENOGEX HOLDINGS,170641.0,198763.0,,,,,,
ENRIDGE,25262.0,27386.0,27475.0,27762.0,,,,
ENTERPRISE PRODUCTS PARTNERS,5933711.0,6019395.0,6289954.0,6153017.0,5968484.0,7534329.0,7669436.0,7895746.0
ENVEN ENERGY VENTURES,,,,,,71364.0,138692.0,145775.0
EOG RESOURCES,3695422.0,4154040.0,5424472.0,5994572.0,4773869.0,4413393.0,4532773.0,5219444.0
EP ENERGY E&P CO,,650616.0,742130.0,614109.0,543427.0,2581907.0,1080759.0,1394306.0
EPIC MIDSTREAM,,,,,,,,58612.0
EPL OIL & GAS,114729.0,154046.0,145765.0,,,,,
EQT,1746374.0,267937.0,612890.0,428842.0,616926.0,1560146.0,2518748.0,936471.0
EQUAL ENERGY,54295.0,55139.0,41605.0,40236.0,42077.0,33094.0,27322.0,18972.0
EQUINOR US HOLDINGS,,,,,,,,696576.0
EQUITRANS MIDSTREAM,,,,,,,,1161856.0
ERG RESOURCES,,,58252.0,64744.0,31936.0,29667.0,39586.0,38725.0
ERGON,17889.0,2065.0,3941.0,6509.0,,,,
ESCAMBIA ASSET CO,345230.0,315722.0,357847.0,341088.0,325487.0,274444.0,243313.0,235785.0
EVERGREEN ENTERPRISE HOLDINGS,,,,,,556833.0,363009.0,383012.0
EXCO RESOURCES,622976.0,502128.0,566745.0,364097.0,326341.0,297555.0,348533.0,652833.0
EXELON,,,,,,,,41693.0
EXTERRAN HOLDINGS,65352.0,77803.0,31647.0,0.0,,,,
EXTRACTION OIL & GAS,,,,,73910.0,,349054.0,504577.0
EXXONMOBIL,11883563.0,14835260.0,12883495.0,12571712.0,12625439.0,14564927.0,15013833.0,13231477.0
FAIRWAY RESOURCES,,,,,,,326927.0,300051.0
FAMCOR OIL,233968.0,178772.0,209217.0,298742.0,,,,
FASKEN OIL AND RANCH,18338.0,30707.0,36277.0,22434.0,22489.0,7738.0,6316.0,4147.0
FDL OPERATING,,,,79059.0,58645.0,124484.0,171370.0,284531.0
FELIX ENERGY,,,,28214.0,,,,
FIELDWOOD ENERGY,,,428083.0,822173.0,828455.0,943827.0,610445.0,955136.0
FIML NATURAL RESOURCES,44572.0,57839.0,126641.0,,,,,
FL RICH GAS SERVICES,,,,53307.0,,,,
FLORIDA GAS TRANSMISSION,713056.0,47998.0,81313.0,109631.0,,,,
FLYWHEEL ENERGY,,,,,,,,2708496.0
FOREST OIL,711871.0,702707.0,334162.0,369164.0,,,,
FORMOSA PLASTICS CORP USA,63966.0,,111375.0,76296.0,93048.0,43602.0,29713.0,47351.0
FOUNDATION ENERGY,199421.0,294691.0,260937.0,251863.0,221929.0,219351.0,358762.0,306466.0
FOUR WINDS MIDSTREAM,,,,,,69542.0,109512.0,94824.0
FOURPOINT ENERGY,,,,,378510.0,683320.0,865345.0,1149306.0
FPL GROUP,,,,,3069.0,7948.0,11812.0,
FREEPORT LNG DEVELOPMENT,22344.0,21662.0,37179.0,39180.0,19283.0,456600.0,18565.0,13880.0
FREEPORT-MCMORAN,16297.0,18771.0,335059.0,349948.0,326633.0,111701.0,119920.0,130738.0
FUELS ACQUISITION,3584.0,269.0,,0.0,,,,
GALESI GROUP,,,,176864.0,236293.0,327052.0,443244.0,526598.0
GAS TRANSMISSION SERVICES COMPANY,,34065.0,33099.0,34551.0,595094.0,34697.0,37114.0,41570.0
GASCO ENERGY,44624.0,61089.0,39167.0,65302.0,,,,
GDF SUEZ ENERGY NA,,72042.0,49799.0,18065.0,35211.0,,,
GENERAL ELECTRIC,,,,,74861.0,98846.0,92014.0,
GENESIS ENERGY,,,,,21508.0,22044.0,19878.0,46750.0
GEO R BROWN PARTNERSHIP,1744.0,1115.0,1246.0,1363.0,1383.0,1448.0,,
GEOSOUTHERN ENERGY,260843.0,234016.0,329662.0,35170.0,76789.0,93929.0,120973.0,146245.0
GIP-B1 MASTER PTNR,,,,,10432.0,2414.0,4906.0,5150.0
GLOBAL INFRASTRUCTURE PARTNERS - A,,,10617.0,16652.0,,,,
GOLDEN PASS LNG TERMINAL INVESTMENTS,,,,,2.0,,,
GOODRICH PETROLEUM,135515.0,144695.0,102737.0,86561.0,73002.0,42989.0,30539.0,17904.0
GRADE 6 OIL,,,,,,,,227737.0
GREAT LAKES GAS TRANSMISSION,430047.0,245629.0,179803.0,159067.0,113354.0,,,
GULF PINE ENERGY OPERATING,,,,,,,89596.0,82668.0
GULFPORT ENERGY,50682.0,50611.0,129128.0,140157.0,309352.0,146037.0,188480.0,441521.0
GULFTEX ENERGY III,,,,,45105.0,4195.0,33167.0,75174.0
HALCON RESOURCES,225701.0,1186408.0,1139706.0,1171520.0,819447.0,712009.0,,235647.0
HARVEST ENERGY,2912.0,2391.0,2225.0,2104.0,1409.0,797.0,794.0,793.0
HARVEST PIPELINE,,,,,,,110554.0,3286971.0
HAWKWOOD ENERGY MANAGEMENT LLC 220,,,,,27922.0,27596.0,132720.0,194834.0
"HAWKWOOD ENERGY MANAGEMENT, LLC 220",,,,27091.0,,,,
HELIS OIL AND GAS COMPANY,101565.0,25622.0,50097.0,70079.0,43275.0,33308.0,33804.0,20612.0
HENRY RESOURCES,,,,,,,27339.0,25753.0
HESS,1270567.0,2153409.0,1959737.0,2316622.0,2562749.0,2052949.0,2172696.0,2823353.0
HG ENERGY II APPALACHIA,,,,,,,,78371.0
HIGHPOINT RESOURCES,,,,,,,,281596.0
HILAND PARTNERS,63989.0,154259.0,205063.0,218044.0,,,,
HILCORP ENERGY,336100.0,414368.0,757024.0,1584991.0,2752913.0,3858958.0,6423428.0,7222181.0
HINKLE OIL & GAS,,,,,,,,67112.0
HOLMES WESTERN OIL,,,,28618.0,30345.0,36993.0,30446.0,34482.0
HOOVER ENERGY PARTNERS,162695.0,187316.0,138557.0,,,,,
HOWARD ENERGY PARTNERS,,,,,61888.0,240241.0,259322.0,322035.0
HUNT CONSOLIDATED,65866.0,230602.0,189919.0,184346.0,179720.0,169436.0,381006.0,380988.0
HUNTINGTON ENERGY,,,,21102.0,23141.0,,,
IACX ENERGY,,,,,,,,48452.0
INDIGO MINERALS,40434.0,99211.0,91735.0,219457.0,318767.0,358849.0,412025.0,220486.0
INERGY WEST COAST,29337.0,36637.0,34891.0,34902.0,,,,
INTEGRYS ENERGY GROUP,102058.0,100148.0,87921.0,83964.0,,,,
IPR-GDF SUEZ NORTH AMERICA,113622.0,,,,,,,
IROQUOIS GAS TRANSMISSION SYSTEM,65149.0,65980.0,73943.0,66260.0,71483.0,67039.0,52648.0,49719.0
J CLEO THOMPSON & JAMES CLEO THOMPSON JR,38339.0,17342.0,30652.0,33595.0,21085.0,23376.0,23847.0,18461.0
J-W OPERATING,37106.0,62405.0,53241.0,149349.0,,,,
JAGGED PEAK ENERGY,,,,,,60012.0,287762.0,560324.0
JAMES LAKE MIDSTREAM,,,,,53940.0,206355.0,248979.0,193866.0
JAY-BEE OIL & GAS,,,,,,,142676.0,179535.0
JAYNE WRIGHTSMAN,4480.0,5175.0,4899.0,4355.0,2853.0,1797.0,1354.0,816.0
JKLM ENERGY,,,,,,,,38572.0
JMA ENERGY COMPANY,52078.0,49241.0,51773.0,31619.0,37827.0,38789.0,49181.0,50881.0
JOHNSON AND LINDLEY,9876.0,10975.0,9775.0,10618.0,10216.0,9414.0,8332.0,9228.0
JONAH ENERGY HOLDINGS,,,,205161.0,242648.0,271782.0,395558.0,405305.0
JONES ENERGY HOLDINGS,46728.0,112798.0,26710.0,169599.0,196173.0,267331.0,299607.0,317037.0
JORDAN DEVELOPMENT CORP,130024.0,141448.0,98044.0,126573.0,106894.0,92489.0,80706.0,79223.0
KAISER-FRANCIS OIL,842079.0,221801.0,161255.0,159515.0,162132.0,135035.0,131182.0,82829.0
KASH OIL & GAS - BASIN 220,38597.0,38448.0,33540.0,41501.0,15376.0,12813.0,9168.0,5281.0
KERR MCGEE GATHERING,71627.0,,,,,,,
KEY PRODUCTION,40147.0,42712.0,39445.0,,,,,
KINDER MORGAN,6642763.0,5718302.0,6262773.0,6937417.0,8233217.0,10184033.0,10151125.0,10084071.0
KINETICA PARTNERS,,,29827.0,9945.0,20017.0,48628.0,212264.0,56885.0
KINGFISHER MIDSTREAM,,,,,,28959.0,52994.0,
KKR,,,,,,,,16945.0
KOCH INDUSTRIES,7365.0,6048.0,45868.0,41104.0,41139.0,33033.0,2009.0,2008.0
KODIAK OIL& GAS,182475.0,591106.0,957008.0,0.0,,,,
KRAKEN OIL & GAS,,,,,,,,533921.0
KREWE ENERGY,,,,,,,,81738.0
LAMBDA ENERGY RESOURCES,,,,,,,,290468.0
LANDRETH COMPANY STOCKHOLDERS,350.0,244.0,175.0,232.0,145.0,82.0,,
LARAMIE ENERGY,,,,27264.0,40515.0,270182.0,409461.0,442302.0
LAREDO PETROLEUM,151683.0,222304.0,122680.0,261140.0,229197.0,296998.0,333083.0,392295.0
LE NORMAN OPERATING,162378.0,138875.0,,,,,,
LEED PETROLEUM,10352.0,9427.0,8638.0,8881.0,8304.0,6201.0,5014.0,5933.0
LEGACY RESERVES OPERATING,2941.0,3076.0,2800.0,154412.0,313048.0,269019.0,275706.0,254224.0
LEGEND NATURAL GAS,246452.0,298726.0,303708.0,263593.0,852633.0,679774.0,,
LEWIS ENERGY GROUP,265486.0,658189.0,1034519.0,1244931.0,364339.0,314130.0,580263.0,636730.0
LIBERTY RESOURCES,,,,,116898.0,179652.0,142108.0,140442.0
LIME ROCK RESOURCES,,,,,103434.0,74626.0,126548.0,500491.0
LINN ENERGY,635729.0,1033607.0,1078008.0,2947189.0,3590528.0,3395550.0,1458514.0,1070476.0
LIQUEFIED NATURAL GAS,,,,,,0.0,0.0,0.0
LLOG EXPLORATION OFFSHORE,,68416.0,59782.0,100423.0,129798.0,159334.0,146797.0,131222.0
LOE,124805.0,108197.0,178609.0,113935.0,,,,
LOEWS,2606437.0,2804937.0,2615463.0,2127214.0,2172633.0,2157095.0,2709173.0,3140643.0
LOGOS RESOURCES II,,,,,,146905.0,354252.0,384987.0
LONESTAR RESOURCES,,,,,,,54188.0,101414.0
LONGFELLOW ENERGY,,,,,,,138974.0,
LOUIS DREYFUS CORP,27160.0,28192.0,29049.0,22593.0,20938.0,17857.0,15399.0,24848.0
LP 224,24686.0,22576.0,25588.0,24390.0,23274.0,19624.0,17398.0,16860.0
LUCID ENERGY DELAWARE,,,,,,257656.0,459384.0,552294.0
LUCID ENERGY WESTEX,,,,261799.0,112396.0,253568.0,284339.0,
LUFF EXPLORATION,41023.0,31943.0,38402.0,24800.0,29271.0,28813.0,32488.0,33211.0
LYDA HUNT BUNKER TRUST-MARY MORELAND HUNT,6121.0,,,,,,,
M3 OHIO GATHERING,,,,,10527.0,14153.0,16345.0,11818.0
MACPHERSON OIL,253094.0,286881.0,332566.0,374153.0,289455.0,186813.0,196416.0,172282.0
MACQUARIE INFRASTRUCTURE CO,,,,29738.0,38665.0,35478.0,22413.0,56461.0
MAERSK OIL GULF OF MEXICO FOUR,,,,,6105.0,6828.0,7275.0,9170.0
MAGNOLIA OIL & GAS OPERATING,,,,,,,,421110.0
MAGNUM HUNTER RESOURCES,46992.0,56561.0,9915.0,15550.0,,,,
"MANAGER GLOBAL MARKET DEVELOPMENT, GAS AND POWER MAR",7788.0,7025.0,30.0,8.0,,,,
MANTI EXPLORATION OPERATING,59695.0,66942.0,55675.0,,,,,
MARATHON OIL,2267509.0,2303059.0,2200350.0,2321388.0,3826898.0,1807097.0,2477202.0,4140719.0
MARITIMES & NORTHEAST PIPELINE,30947.0,15196.0,3674.0,4641.0,,,,
MARKWEST ENERGY PARTNERS,756867.0,710226.0,1052590.0,1455895.0,35165.0,40424.0,47936.0,53127.0
MARLIN MIDSTREAM,76145.0,96305.0,82450.0,42215.0,,,,
MARSH OIL & GAS,,8190.0,7049.0,13683.0,,,,
MARUBENI INTERNATIONAL,33356.0,43887.0,32472.0,6855.0,32116.0,36339.0,32960.0,35638.0
MATADOR PRODUCTION,,105977.0,111206.0,131389.0,120628.0,276041.0,493558.0,459501.0
MAVERICK NATURAL RESOURCES,,,,,,,,777446.0
MCELVAIN ENERGY,32759.0,29910.0,28505.0,26919.0,23493.0,20676.0,,
MDU RESOURCES GROUP,552945.0,245706.0,215748.0,189969.0,25366.0,78495.0,78713.0,133193.0
MEDALLION MIDSTREAM 2,,,,,,,,31727.0
MEDUSA SPAR,39714.0,39587.0,37588.0,37895.0,36872.0,39594.0,30192.0,34514.0
MEMORIAL RESOURCE DEVELOPMENT,132827.0,275448.0,131269.0,334688.0,291798.0,407086.0,464700.0,216831.0
MERIT ENERGY,285810.0,349143.0,375659.0,294370.0,292734.0,453731.0,1015194.0,1587258.0
MICOAST ENERGY,,,,,,,,38030.0
MID-AMERICAN ENERGY HOLDINGS,839683.0,991557.0,865894.0,836524.0,927054.0,879849.0,792526.0,809971.0
MIDCOAST ENERGY,,,,,,,,1513214.0
MIDDLE FORK ENERGY PARTNERS,,,,,,,,265732.0
MIDLAND OIL AND GAS,4291.0,2356.0,2523.0,0.0,,,,
MIDMAR GAS,257508.0,300098.0,,,,,,
MIDSTATES PETROLEUM COMPANY,142574.0,158248.0,76542.0,268050.0,238365.0,353533.0,326662.0,57930.0
MIDSTREAM ENERGY PARTNERS USA,,,,,,,,31680.0
MILAGRO EXPLORATION,147501.0,127093.0,109201.0,169210.0,,,,
MISSION CREEK OPCO,,,,,,,,31222.0
MISSOURI RIVER RESOURCES,,,,,,2823.0,1422.0,21479.0
MLCJR,,,,,,,,24588.0
MMGJ COLORADO,,,,,,,3450.0,3578.0
MOBIL PRODUCING TEXAS & NEW MEXICO,1567.0,1589.0,1429.0,1423.0,1403.0,1437.0,2716.0,695.0
MONARCH NATURAL GAS,52778.0,52897.0,37913.0,6531.0,8828.0,43816.0,45078.0,
MONCRIEF PARTNERS,44641.0,40534.0,23122.0,17493.0,7387.0,37027.0,35662.0,11228.0
MOON HINES TIGRETT OPERATING COMPANY,31887.0,25544.0,19185.0,13903.0,5562.0,4042.0,,
MORGAN STANLEY,70050.0,249583.0,175064.0,201998.0,,58099.0,59857.0,111156.0
MOUNTAINEER GAS HOLDINGS,,,,,,,1057.0,1058.0
MOUNTAINEER KEYSTONE,,,,19896.0,31047.0,20307.0,171810.0,33172.0
MP GULF OF MEXICO,,,,,,,,27512.0
MPLX,,,,,,3780763.0,3881781.0,4112746.0
MUNICIPAL LIGHT & POWER,66809.0,47863.0,48863.0,36413.0,24290.0,,,
MUREX PETROLEUM,,,38155.0,58737.0,27973.0,59356.0,14433.0,28847.0
MURPHY OIL,180678.0,618143.0,1254250.0,883510.0,408963.0,515159.0,535363.0,473473.0
MUSKEGON DEVELOPMENT,80956.0,84558.0,82325.0,77140.0,80888.0,75356.0,70939.0,67248.0
MUSTANG FUEL,34970.0,40636.0,305677.0,112914.0,109504.0,445516.0,425472.0,466870.0
NADEL & GUSSMAN,74096.0,167369.0,184664.0,206462.0,110888.0,61399.0,64031.0,62588.0
NAFTEX OPERATING,41515.0,44905.0,40830.0,42147.0,29566.0,28360.0,30913.0,33069.0
NATIONAL FUEL GAS,61733.0,57648.0,148172.0,291917.0,237338.0,527659.0,889282.0,928017.0
NATIONAL GRID USA,,,,30935.0,36033.0,27666.0,33376.0,34913.0
NATURAL GAS PARTNERS,,,,,,116980.0,126415.0,116309.0
NAVAJO NATION OIL AND GAS,,,,175145.0,,,,
NAVITAS MIDSTREAM,,,,,40409.0,119001.0,162791.0,487981.0
NBL MIDSTREAM HOLDINGS,,,,,,56896.0,68619.0,54932.0
NEWARK E&P OPERATING,,,,,38253.0,60932.0,41841.0,42369.0
NEWFIELD EXPLORATION,1021013.0,665450.0,674838.0,982305.0,1013042.0,814979.0,1410424.0,1220662.0
NEXTERA ENERGY RESOURCES,,,28994.0,34038.0,,31495.0,390187.0,102555.0
NFR ENERGY,265361.0,338017.0,282996.0,,,,,
NGL VENTURES,14205.0,10830.0,12549.0,20923.0,19929.0,18100.0,16897.0,16377.0
NHIP II BISON HOLDINGS,,,,,,,,201866.0
NINE POINT ENERGY HOLDINGS,,,,,,,130503.0,197397.0
NISKA GAS STORAGE,28025.0,15919.0,19868.0,35849.0,17188.0,11792.0,,
NISOURCE,1010232.0,759185.0,607180.0,519308.0,,35526.0,492.0,427.0
NOBLE ENERGY,908756.0,830778.0,1113284.0,976561.0,846358.0,575507.0,1148336.0,1135390.0
NOBLE MIDSTREAM SERVICES,,,,,,,,201050.0
NON-EXXONMOBIL INTERESTS,30849.0,33258.0,33780.0,34439.0,36998.0,,,
NORTEX MIDSTREAM PARTNERS,253026.0,167482.0,218355.0,207035.0,131049.0,127724.0,150251.0,48930.0
NORTH BAJA PIPELINE,30642.0,,,,,,,
NORTH SHORE E&P,,,,,,,,29553.0
NORTHEAST NATURAL ENERGY,,,,,,,43285.0,51502.0
NORTHERN BORDER PIPELINE,1191456.0,,,,,,,1008238.0
NORTHERN COLORADO OIL & GAS HOLDINGS,13045.0,31258.0,34051.0,29441.0,144372.0,196595.0,256934.0,345262.0
NORTHERN NATURAL GAS,449455.0,488365.0,629006.0,710201.0,647550.0,556296.0,643968.0,1259319.0
NORTHERN NEW ENGLAND ENERGY,,,,,,,,3.0
NORTHERN PIPELINE BORDER,,,,,,,,120428.0
NORTHWESTERN ENERGY,30565.0,24029.0,20384.0,17643.0,,,,
NORTHWOODS ENERGY,,,,,,,,45728.0
NUEVO MIDSTREAM,,,142742.0,,,,,
OAK RIDGE NATURAL RESOURCES,,,,,,,307985.0,319268.0
OAK VALLEY OPERATING,,,,25157.0,,,,
OASIS PETROLEUM,,265196.0,938103.0,902954.0,2507899.0,674944.0,1172783.0,1589949.0
OCCIDENTAL PETROLEUM,2544273.0,3225471.0,2892330.0,2201996.0,1809179.0,2120948.0,2450489.0,2126929.0
OCCIDENTIAL PETROLEUM,87274.0,174241.0,153124.0,,,,,
OLDHAM FAMILY,648.0,1053.0,1073.0,964.0,951.0,679.0,259.0,338.0
OMIMEX,1187.0,1148.0,863.0,1122.0,,,,
ONEOK,1134057.0,1280192.0,1480251.0,1555764.0,1561990.0,2301809.0,2750898.0,3116217.0
ORX RESOURCES,,,,,,,23916.0,13513.0
OWN RESOURCES OPERATING,,,,,,,,34027.0
OXY,33717.0,31516.0,22078.0,18356.0,3664.0,18366.0,17703.0,5574.0
P&S PROJECT I,173591.0,152862.0,112976.0,86504.0,,,,
PACIFIC ENERGY ALASKA OPERATING,137274.0,212823.0,,,,,,
PACIFIC GAS & ELECTRIC,262329.0,338415.0,299507.0,325301.0,351745.0,322774.0,367419.0,352026.0
PANHANDLE EASTERN PIPE LINE,1124373.0,,,,,,,
PANTHER ENERGY,58442.0,38351.0,,,,18494.0,,
PARADIGM ENERGY PARTNERS,,,,,,,,70392.0
PARADOX RESOURCES,,,,,,,36230.0,85717.0
PARALLEL ENERGY,,,,140557.0,137785.0,,,
PARALLEL PETROLEUM,13590.0,18293.0,21505.0,0.0,,,,
PARSLEY ENERGY,,,,304933.0,209752.0,295622.0,424206.0,640933.0
PATARA OIL & GAS,87023.0,131419.0,41452.0,60116.0,,,,
PAXTON RESOURCES,,,,,148456.0,94785.0,99888.0,83952.0
PDC ENERGY,563736.0,671980.0,631332.0,640368.0,566404.0,922222.0,960719.0,1132593.0
PEAK EXPLORATION & PRODUCTION,,,,,47081.0,17515.0,13911.0,31846.0
PEAK POWDER RIVER RESOURCES,,,,57338.0,,,,
PEMBINA PIPELINE,,,,,,,308539.0,305634.0
PENN VIRGINIA,2915183.0,351583.0,285998.0,194036.0,113093.0,58328.0,89361.0,73036.0
PENNSYLVANIA GENERAL ENERGY COMPANY,111767.0,100437.0,118632.0,201952.0,88539.0,156858.0,99632.0,138174.0
PENNSYLVANIA LAND RESOURCES HOLDING COMPANY,,,67567.0,71842.0,69208.0,65760.0,50436.0,48377.0
PENNTEX MIDSTREAM PARTNERS,,,,,52295.0,,,
PENSARELI,5249.0,4800.0,5441.0,5186.0,4949.0,4173.0,3699.0,3585.0
PER MANAGER,,,,,,,65349.0,196343.0
PERMIAN BASIN,215068.0,257667.0,248781.0,224783.0,170677.0,126644.0,96482.0,82458.0
PERMIAN RESOURCES,,,,,,173471.0,129735.0,232122.0
PETRO HARVESTER OIL & GAS,,,32096.0,129160.0,99504.0,93895.0,113793.0,45294.0
PETRO-HUNT,239197.0,220617.0,169870.0,952272.0,1187584.0,530532.0,576540.0,930764.0
PETROBAL OMEGA 1,,,,,,,,11865.0
PETROBRAS AMERICA,,45964.0,69044.0,105935.0,90745.0,102314.0,86692.0,69272.0
PHILIP T SHARPLES TRUST,5674.0,6621.0,7011.0,6090.0,3876.0,3836.0,3498.0,3024.0
PHILLIPS 66,101337.0,1595024.0,1467255.0,1355278.0,1474506.0,4058944.0,461527.0,452525.0
"PILLSBURY, WINTHROP, SHAW, PITTMAN",30976.0,27941.0,123.0,34.0,,,,
PINTAIL OIL & GAS,,,,,40819.0,35374.0,23510.0,44627.0
PIONEER NATURAL RESOURCES USA,1303824.0,1066111.0,1122002.0,1304773.0,958685.0,2403660.0,2537110.0,2342641.0
PIPECO,1217488.0,1152100.0,1397105.0,1468081.0,,,,
PLAINS ALL AMERICAN GP,58191.0,65440.0,97272.0,89049.0,142805.0,121043.0,147150.0,295587.0
PLAINS EXPLORATION & PRODUCTION,335385.0,448693.0,64836.0,49052.0,20715.0,103826.0,,
PLAINS LPG SERVICES,,,67293.0,57115.0,,,,
PLAINS NATURAL GAS STORAGE,54412.0,69211.0,15824.0,19869.0,,,,
"PORT BARRE INVESTMENTS, LLC D/B/A BOBCAT GAS STORA",,,,38104.0,,,,
"PORT PARRE INVESTMENTS, LLC D/B/A BOBCAT GAS STORA",28090.0,16433.0,21821.0,,,,,
PREMIER NATURAL RESOURCES,0.0,279561.0,278031.0,287874.0,,,,
PRIME OPERATING,23706.0,,,,,,,
PROSPECT CAPITAL,72401.0,,,,,,,
PRUET PRODUCTION,68814.0,73278.0,105460.0,108153.0,95536.0,125151.0,171910.0,87705.0
PSI MIDSTREAM PARTNERS,114706.0,111663.0,57033.0,49526.0,162752.0,,,
PUBLIC SERVICE ENTERPRISE GROUP,0.0,0.0,0.0,0.0,0.0,0.0,0.0,41.0
PVR MIDSTREAM,246907.0,190355.0,273940.0,,,,,
PXP OFFSHORE,,32699.0,31507.0,32980.0,34183.0,32752.0,27295.0,29213.0
QEP RESOURCES,1845588.0,1886376.0,2134862.0,2146723.0,1823280.0,1458602.0,1152374.0,986869.0
QTL US TERMINAL,,,,,11.0,,,
QUANTUM RESOURCES MANAGEMENT,307378.0,331577.0,366371.0,14140.0,13494.0,11377.0,10087.0,9775.0
QUESTAR,762675.0,685398.0,672946.0,670873.0,570962.0,587180.0,,
QUICKSILVER RESOURCES,45690.0,124224.0,94480.0,40971.0,73886.0,,,
RANCH WESTEX JV,,,31042.0,31465.0,,,,
RANGE RESOURCES,273786.0,213078.0,178219.0,138580.0,280829.0,149049.0,335535.0,453198.0
RECOIL RESOURCES OPERATING,,,,,,,,34864.0
REGENCY ENERGY PARTNERS,778928.0,686506.0,604790.0,1142294.0,1328555.0,1096833.0,958476.0,965768.0
REM,,,,,,453288.0,,
REPSOL OIL & GAS USA,,,,,,343301.0,367260.0,365522.0
RESOLUTE ENERGY,244095.0,157075.0,121770.0,52636.0,131120.0,101253.0,99739.0,377225.0
RESOURCE ENERGY,,,,,,56264.0,40601.0,39766.0
RESOURCE STRATEGIES,9702.0,8873.0,10057.0,9586.0,9147.0,7712.0,6837.0,6626.0
REX ENERGY OPERATING,179404.0,134199.0,114184.0,138044.0,85598.0,87459.0,81148.0,
RICE ENERGY,,,138564.0,,130816.0,341996.0,,
RICOCHET ENERGY,15943.0,,,,,,,
RIM OPERATING,,,,,,,20988.0,
RISE ENERGY PARTNERS,54678.0,60006.0,,,,,,
RKI,30839.0,46916.0,208870.0,460296.0,,,,
ROAN RESOURCES,,,,,,,,267107.0
ROBERTSON-FINLEY RESOURCES,,,,,,,,92993.0
ROCKALL ENERGY,,,,,,,,56083.0
ROCKCLIFF ENERGY II,,,,,,,,447038.0
ROCKIES EXPRESS HOLDINGS,,305725.0,225952.0,173008.0,186060.0,291700.0,874200.0,764900.0
ROCKPOINT GAS STORAGE PARTNERS,,,,,,,16528.0,25411.0
ROSETTA RESOURCES OPERATING,,,90766.0,46199.0,195092.0,414287.0,465997.0,399844.0
ROSEWOOD RESOURCES,32162.0,23775.0,24637.0,24655.0,24236.0,24709.0,,
ROWDY PIPELINE,,,,,,144445.0,126438.0,112462.0
RSP PERMIAN,,,,,69369.0,74217.0,78923.0,
RUDY RESOURCES,7987.0,7304.0,8279.0,7891.0,7530.0,6349.0,5629.0,5455.0
S NATURAL GAS CO,542.0,1016.0,1506.0,,,,,
S2 ENERGY OPERATING,,,,,,,99678.0,
SABINE OIL AND GAS,,,,476787.0,755028.0,463057.0,523964.0,525214.0
SAGA PETROLEUM,,,90714.0,79758.0,93755.0,93548.0,,
SAGE NATURAL RESOURCES,,,,,,,41621.0,60056.0
SAMSON RESOURCES,1702370.0,1855882.0,1643799.0,1388403.0,1052688.0,541297.0,77438.0,62724.0
SAMUEL GARY JR ASSOCIATES,,,,,32060.0,21074.0,,
SAMUEL GARY JR. ASSOCIATES,94458.0,117489.0,110073.0,101620.0,,,,
SANCHEZ OIL AND GAS,60341.0,42729.0,72637.0,171686.0,174776.0,149309.0,124272.0,233706.0
SANDRIDGE ENERGY,829685.0,3672802.0,1424342.0,1462759.0,1625766.0,1106394.0,999344.0,718605.0
SANGUINE GAS EXPLORATION,,18217.0,90481.0,143247.0,160182.0,,,37123.0
SAVANT ALASKA,,52950.0,52325.0,55543.0,28705.0,117981.0,118131.0,130096.0
SBM OFFSHORE,79620.0,80445.0,66594.0,66665.0,55820.0,,,
SCANA,1014.0,36.0,30651.0,12.0,0.0,16.0,18.0,18.0
SCOUT ENERGY MANAGEMENT,,,,,,366249.0,724544.0,1216872.0
SEMGAS,,,,87787.0,61766.0,629338.0,521038.0,528517.0
SEMPRA ENERGY,203496.0,287162.0,266742.0,303331.0,390743.0,135583.0,246903.0,173109.0
SENECA RESOURCES,121855.0,123277.0,170477.0,223915.0,198109.0,131859.0,170767.0,199780.0
SENTINEL PEAK RESOURCES,,,,,,871032.0,905214.0,901092.0
SEQUITUR EAST TEXAS,,,,,57504.0,21088.0,172148.0,227062.0
SHARPLES ASSOCIATES,1869.0,2181.0,2310.0,2006.0,1277.0,1263.0,1152.0,996.0
SHD OIL & GAS,,,,,,91107.0,57234.0,60699.0
SHELL OIL,2279286.0,2244231.0,2258233.0,2039363.0,2297639.0,2696529.0,2831356.0,1824766.0
SHERIDAN PRODUCTION COMAPNY,189537.0,107749.0,32924.0,35361.0,185059.0,170988.0,175899.0,166536.0
SHERIDAN PRODUCTION COMPANY,71232.0,83801.0,92713.0,69459.0,,,,
SHORELINE ENERGY,,,27702.0,39174.0,49530.0,,,
SIGNAL HILL PETROLEUM,,,,,,29368.0,31462.0,32068.0
SILVER CREEK OIL & GAS,,,,,,40144.0,36778.0,20628.0
SILVERBACK MIDSTREAM,,,,,,55079.0,92124.0,184013.0
SILVERBOW RESOURCES,,,,,,,,175776.0
SK E&P,,,,134639.0,,,,
SK NEMAHA,,,,,,,,118070.0
SK PLYMOUTH,,,,,70958.0,48167.0,50162.0,41759.0
SLAWSON COMPANIES,161507.0,178852.0,167842.0,375493.0,274059.0,169154.0,207847.0,410414.0
SM ENERGY,652634.0,736013.0,754509.0,814834.0,648989.0,356418.0,432324.0,599057.0
SN EF MAVERICK,,,,,,,,917568.0
SOUTHCROSS ENERGY,103359.0,67578.0,269244.0,633570.0,553672.0,497875.0,367928.0,314543.0
SOUTHERN CO GAS,,,,,,74.0,64893.0,75962.0
SOUTHERN NATURAL GAS CO,,,,,,,,4306.0
SOUTHERN UNION GAS SERVICES,603121.0,,,,,,,
SOUTHERN UTE INDIAN TRIBE,370363.0,364839.0,325896.0,325949.0,318873.0,660263.0,562036.0,546591.0
SOUTHLAND ROYALTY,,,,,169717.0,336144.0,406870.0,493604.0
SOUTHWEST GAS STORAGE,30864.0,,,,,,,
SOUTHWESTERN ENERGY,1041234.0,1125771.0,1091301.0,1450729.0,1564202.0,1197294.0,3347121.0,413852.0
SOUTHWESTERN PRODUCTION,,,,,,,,26138.0
SPECTRA ENERGY,1879007.0,1826602.0,1687367.0,1562984.0,2882720.0,5796064.0,489555.0,372149.0
SRC ENERGY,,,,,,,190469.0,245753.0
STANOLIND PRODUCTION,,,,,,,,111125.0
STARTEX FIELD SERVICES,,,,,,,25593.0,33953.0
STATOIL,479390.0,839739.0,1389454.0,1073158.0,751933.0,628955.0,729668.0,323085.0
STEPHENS PRODUCTION,1750915.0,1317019.0,1090865.0,279330.0,276771.0,261063.0,261874.0,666602.0
STERLING ENERGY GROUP,,,,,36503.0,43495.0,40175.0,44341.0
STINGRAY PIPELINE CO,,,,10966.0,24638.0,16775.0,,
STONE ENERGY,188570.0,210951.0,220562.0,197763.0,141323.0,125822.0,157328.0,
SUMMIT MIDSTREAM PARTNERS,,,,25654.0,23541.0,396020.0,424940.0,458708.0
SUMMIT PETROLEUM,30329.0,21862.0,22419.0,48543.0,23087.0,72967.0,82700.0,71524.0
SUNDANCE ENERGY,,,62701.0,,,,,164719.0
SUPERIOR PIPELINE,,,234370.0,251026.0,,,,
SURGE OPERATING,,,,,,,,533864.0
SWEPI,,169888.0,266643.0,319884.0,,,,
SWG PIPELINE,,,,,91302.0,,,
SWIFT ENERGY OPERATING,173091.0,207719.0,272474.0,227718.0,281412.0,280942.0,217239.0,
SYNERGY RESOURCES,,,,,61402.0,94943.0,,
T-C OIL,14728.0,13508.0,5675.0,3920.0,,,,
TALCO MIDSTREAM ASSETS,227717.0,,,,,,,
TALISMAN ENERGY USA,300037.0,622886.0,430870.0,271066.0,155605.0,,,
TALL OAK MIDSTREAM,,,,,,,20240.0,30826.0
TALLGRASS ENERGY,,168733.0,178865.0,172591.0,192499.0,184067.0,264941.0,303559.0
TALOS ENERGY,,,,11253.0,29876.0,26835.0,52541.0,326531.0
TANA EXPLORATION CO,,,,,62018.0,36789.0,,
TANOS EXPLORATION II,,,,,224842.0,189308.0,291666.0,313268.0
TAPSTONE ENERGY,,,,25000.0,285411.0,169495.0,349813.0,293061.0
TAQA USA,23756.0,28214.0,38548.0,460.0,6895.0,686.0,,
TARGA RESOURCES,1785376.0,1469321.0,1548662.0,2148241.0,2843397.0,5517271.0,5924004.0,6573751.0
TC PIPELINES,,,,,,1953108.0,2005049.0,933119.0
TECOLOTE ENERGY,,,,,,404705.0,296441.0,336838.0
TECPETROL,,,29207.0,31230.0,25341.0,26595.0,33262.0,
TELLUS ENERGY GROUP,53417.0,64958.0,94746.0,83184.0,75858.0,55480.0,62800.0,46682.0
TEMPLAR ENERGY,,,167323.0,265918.0,357124.0,412622.0,426027.0,437797.0
TENAWA HAVEN PROCESSING,,,,,213944.0,169574.0,151350.0,
TENAWA RESOURCE MANAGEMENT,,,,,,,,488448.0
TENRGYS,,,,,,41699.0,60898.0,43866.0
TEP REX HOLDINGS,,,,,,145850.0,,
TEP ROCKY MOUNTAIN,,,,,,1318558.0,,
TERRA ENERGY PARTNERS,,,,,,,1343932.0,1317204.0
TESORO,,,,140328.0,318845.0,740819.0,,4484.0
TEX MONCRIEF EXPLORACOUNT II,,,,,,,12156.0,13660.0
TEXAS AMERICAN RESOURCES,,,,,,,,631.0
TEXAS COASTAL VENTURES,,,,,,26813.0,,
TEXAS EASTERN TRANSMISSION,1356622.0,796805.0,720144.0,755982.0,,,,
TEXAS KEYSTONE,50133.0,26208.0,16809.0,23977.0,13097.0,,,
TEXAS PETROLEUM INVESTMENT,89450.0,94242.0,103299.0,106174.0,141028.0,170132.0,151552.0,235336.0
TEXLAND PETROLEUM,,,,,,28051.0,27593.0,26083.0
TEXSTAR MIDSTREAM SERVICES,,,31096.0,43425.0,,,,
TGGT HOLDINGS,,348881.0,,0.0,,,,
THE SINCLAIR COS,28698.0,36318.0,22486.0,40694.0,44608.0,26056.0,88221.0,55462.0
THUNDER CREEK GAS SERVICES,229145.0,376669.0,230890.0,185994.0,192792.0,310456.0,314335.0,388391.0
TIMBER CREEK OPERATING,,,,,,,378612.0,217832.0
TOMPC,,,,,,,80640.0,52838.0
TOTAL E&P USA,12647.0,15621.0,14420.0,15959.0,16963.0,16457.0,634340.0,634552.0
TRANSCANADA AMERICAN INVESTMENTS,2232208.0,,,,,,,
TRANSCANADA ENERGY USA,,,,,,146559.0,1088909.0,1772250.0
TRANSCANADA NORTHERN BORDER,,1837939.0,1884956.0,1417322.0,1045055.0,,,
TRANSCANADA/COLUMBIA PIPELINE GROUP,,,,,,852651.0,,
TRANSCANDA/COLUMBIA PIPELINE GROUP,,,,,,162777.0,,
TRC CYPRESS GROUP,41437.0,23892.0,23293.0,27614.0,30050.0,34802.0,34195.0,34842.0
TRENDWELL ENERGY,121569.0,114240.0,113071.0,106502.0,165854.0,116467.0,112385.0,93280.0
TREY RESOURCES,,6153.0,,,,,,
TRIANGLE USA PETROLEUM,,64325.0,214503.0,219770.0,180175.0,239332.0,,
TRINITY CO2,,2320.0,111.0,,,,,
TRISTREAM ENERGY,170638.0,146995.0,,,,,,
TRIUMPH ENERGY PARTNERS,,,,,,,,47821.0
TRUE OIL,,,,,,,4276.0,4797.0
TRUNKLINE GAS,397926.0,,,,,,,
TRUNKLINE LNG,6737.0,,,,,,,
ULTRA PETROLEUM ENERGY,283572.0,160879.0,226674.0,291422.0,352734.0,346753.0,375868.0,361675.0
UNION EXPLORATION PARTNERS,4529.0,4124.0,3779.0,3885.0,3633.0,2713.0,2193.0,2595.0
UNIT,475893.0,710972.0,,,306963.0,674319.0,618302.0,659406.0
UNIT PETROLEUM,,,397808.0,308786.0,352538.0,,,
URBAN OIL & GAS GROUP,,,,120775.0,57102.0,38816.0,109941.0,167988.0
URSA RESOURCES GROUP,,,116256.0,127828.0,147699.0,158638.0,156902.0,122177.0
UTAH GAS,,,,,,,,19447.0
UTICA GAS SERVICES,,,,,,23093.0,26669.0,19283.0
VAL VERDE GAS GATHERING CO,1656408.0,1626172.0,1449151.0,1527537.0,827429.0,762926.0,694776.0,673705.0
VALENCE OPERATING,111890.0,108067.0,152508.0,143482.0,133231.0,149649.0,138853.0,112401.0
VANGUARD NATURAL RESOURCES,446373.0,397581.0,315654.0,379337.0,444341.0,456626.0,428086.0,392419.0
VANTAGE ENERGY,,,,146159.0,123874.0,103749.0,,
VAQUERO PERMIAN GATHERING,,,,,,,71992.0,114590.0
VAQUERO PERMIAN PROCESSING,,,,,,,,48500.0
VECTOR PIPELINE,344757.0,333844.0,299867.0,263189.0,258516.0,112458.0,247514.0,117005.0
VENADO OPERATING CO,,,,,,,,65063.0
VENOCO,191278.0,72190.0,72134.0,71433.0,72118.0,62321.0,52879.0,
VERDAD RESOURCES,,,,,,,,87415.0
VERDUN OIL,,,,,,28259.0,66502.0,67492.0
VERESEN,289067.0,285708.0,299090.0,310764.0,302219.0,296507.0,,
VINE OIL & GAS,,,,49133.0,68374.0,150708.0,150379.0,190501.0
VITRUVIAN EXPLORATION,,,,49008.0,58512.0,49953.0,160730.0,124480.0
W & T OFFSHORE,201550.0,232608.0,229775.0,337528.0,240992.0,239262.0,208467.0,212185.0
WA MONCRIEF JR,276226.0,250812.0,143074.0,108244.0,50085.0,240112.0,220783.0,69514.0
WALTER OIL & GAS,,,,,,,35281.0,32348.0
WARD PETROLEUM,42605.0,43610.0,45442.0,37893.0,16501.0,44298.0,3508.0,
WARREN RESOURCES,,,,26927.0,9138.0,106612.0,136432.0,74299.0
WEC ENERGY GROUP,,,,,73943.0,66764.0,74343.0,88903.0
WELLS FARGO ENERGY CAPITAL,,,,,,,9231.0,15724.0
WEST BAY EXPLORATION,117722.0,158136.0,133406.0,58928.0,49160.0,57487.0,105152.0,55520.0
WEST TEXAS GAS,,,,,,417815.0,51257.0,53407.0
WESTERN REFINING,,,,249767.0,465939.0,8023.0,,
WGR OPERATING,62272.0,,51577.0,356635.0,,,,
WHITE OAK ENERGY,29501.0,47639.0,16196.0,59090.0,157014.0,89805.0,170746.0,155361.0
WHITE ROCK OIL & GAS,,,,,34943.0,76724.0,133301.0,115131.0
WHITE STAR PETROLEUM,,,,,,72150.0,115752.0,38488.0
WHITING OIL AND GAS,592394.0,611830.0,871100.0,2203603.0,2447072.0,1459317.0,1773150.0,2913275.0
WILDCAT MIDSTREAM CADDO,,,47928.0,67574.0,70614.0,97840.0,,
WILDHORSE RESOUCES,223709.0,237689.0,,,,,,
WILDHORSE RESOURCES,,,,,,84167.0,232571.0,197997.0
WILLIAMS,9389094.0,6990798.0,6234089.0,5669428.0,6428270.0,11702910.0,11291678.0,9576416.0
WINFIELD RESOURCES,,,,,,,6123.0,10430.0
WOLD ENERGY PARTNERS,,,,,,6975.0,18934.0,39970.0
WOODFORD EXPRESS,,,,,,37031.0,38695.0,47818.0
WPX ENERGY,,1451440.0,1401980.0,1361368.0,1480942.0,506658.0,1395097.0,2045631.0
WTG,383429.0,498036.0,420033.0,452241.0,402157.0,547865.0,1225895.0,1956375.0
WTGKS GP,,,,,,610.0,517.0,539.0
XTO ENERGY,892071.0,21368.0,25191.0,29284.0,36201.0,30888.0,,
YATES PETROLEUM,781794.0,608644.0,602436.0,411303.0,299706.0,,,
ZENERGY,110890.0,165694.0,,,,,,
ZPZ DELAWARE I,18583.0,21368.0,25191.0,29284.0,36201.0,30888.0,25236.0,26901.0
